_id,email,passwordHash,role,firstName,lastName,createdAt
67565a437c9344f6eb916017,mvmhr@ivqgp.com,cgjhozkhnr,Applicant,Vihaan,Rudra,2022-03-01
67565a437c9344f6eb916018,tdhiw@zwkyh.com,idxxezsyis,Applicant,Anay,Aarush,2023-09-03
67565a437c9344f6eb916019,tjrqs@dspyq.com,etuhkelbbn,Recruiter,Aarav,Ahaan,2024-11-17
67565a437c9344f6eb91601a,znwmz@zzdmu.com,lgkgrvjyym,Recruiter,Aarush,Aryan,2024-09-30
67565a437c9344f6eb91601b,fivna@mrnuw.com,keynkyzkft,Applicant,Ahaan,Advik,2024-09-03
67565a437c9344f6eb91601c,cywub@hfymg.com,oupxoctszf,Recruiter,Surya,Aayush,2023-12-15
67565a437c9344f6eb91601d,scunv@zzbad.com,lnxpcbpmaz,Recruiter,Aarush,Advik,2024-05-20
67565a437c9344f6eb91601e,qsspr@ovgxx.com,ewnfrmibcv,Applicant,Aarav,Atharv,2024-11-19
67565a437c9344f6eb91601f,wwzcj@dkrfq.com,unkmlhzvpx,Recruiter,Aarav,Aayansh,2023-02-10
67565a437c9344f6eb916020,lgelj@zfkuu.com,tgebrnhpja,Applicant,Ahaan,Aarav,2024-02-17
67565a437c9344f6eb916021,egkls@zeshb.com,eroctzpjli,Recruiter,Aayush,Advik,2024-04-21
67565a437c9344f6eb916022,zxdac@ssdiz.com,xiifdioair,Recruiter,Advik,Ahaan,2024-08-22
67565a437c9344f6eb916023,xogrw@dytgr.com,yauhtureyb,Applicant,Aarush,Aarav,2024-08-13
67565a437c9344f6eb916024,yopoj@dbkgu.com,wolbsseqai,Applicant,Aayansh,Aayush,2023-04-30
67565a437c9344f6eb916025,tlgmf@yvyey.com,xhwejgppso,Recruiter,Aarush,Aayansh,2023-01-13
67565a437c9344f6eb916026,zvmdt@noobr.com,jdwhwgmoww,Recruiter,Aarav,Surya,2024-08-02
67565a437c9344f6eb916027,whnoc@skrno.com,mivrrznygp,Recruiter,Advik,Aayansh,2022-11-21
67565a437c9344f6eb916028,fkjlu@qbaoh.com,ossqgxuxtp,Recruiter,Aarush,Aarav,2023-03-15
67565a437c9344f6eb916029,ckyfr@tzywd.com,qrzvkfawmv,Recruiter,Aarush,Aayush,2023-02-20
67565a437c9344f6eb91602a,uqrir@fsojo.com,tnlvxdmhse,Applicant,Arjun,Aarav,2022-06-06
67565a437c9344f6eb91602b,sgeih@frall.com,tzllldlwxi,Applicant,Rudra,Rudra,2023-04-09
67565a437c9344f6eb91602c,foflo@algmc.com,bptjpjcare,Applicant,Aarav,Advik,2023-11-10
67565a437c9344f6eb91602d,wptxx@vjyuc.com,mhdkgedqum,Recruiter,Aayush,Aayansh,2023-10-23
67565a437c9344f6eb91602e,yfpbq@fglfq.com,lrwbhsvfpz,Recruiter,Advik,Reyansh,2024-07-02
67565a437c9344f6eb91602f,tbcdh@pyrpy.com,yygsxwsrnb,Recruiter,Aayansh,Aarav,2023-10-08
67565a437c9344f6eb916030,vxuem@xbvkf.com,nmtjcmaiqm,Applicant,Aarush,Advik,2022-11-23
67565a437c9344f6eb916031,xwkyz@oruqa.com,nionhgfbkv,Recruiter,Ritvik,Aarush,2024-06-13
67565a437c9344f6eb916032,qkwin@zpzku.com,wmsgkmuoxr,Recruiter,Aayansh,Aarush,2023-12-13
67565a437c9344f6eb916033,jrbce@ztcui.com,skdaisfuuv,Applicant,Advait,Aayush,2022-06-20
67565a437c9344f6eb916034,oljbo@kmujh.com,fwkurvsruw,Applicant,Advik,Vivaan,2024-08-09
67565a437c9344f6eb916035,ogpsa@vfwya.com,rrtvkyjqmp,Recruiter,Advik,Aarush,2024-02-15
67565a437c9344f6eb916036,zfurw@vmjlh.com,tptppythvb,Recruiter,Aarav,Aarush,2023-11-14
67565a437c9344f6eb916037,ndaap@eprdd.com,xelwhnfxla,Applicant,Aarav,Aayush,2022-04-22
67565a437c9344f6eb916038,imhkj@qhsxr.com,xobkuzrdba,Applicant,Advik,Advik,2024-11-29
67565a437c9344f6eb916039,pcltd@szube.com,zewhrphcbo,Recruiter,Aayush,Advik,2023-08-10
67565a437c9344f6eb91603a,dxbjd@oupdp.com,reqvgxnbho,Applicant,Aayansh,Ahaan,2024-06-26
67565a437c9344f6eb91603b,fddln@vhoma.com,ygwqatmsxd,Applicant,Arnav,Arjun,2023-12-11
67565a437c9344f6eb91603c,ijqds@uxqwh.com,drjxvkhnuz,Applicant,Aayansh,Aarav,2023-02-15
67565a437c9344f6eb91603d,fjacf@nbtyd.com,yadwzloyaz,Recruiter,Arhaan,Ahaan,2022-02-15
67565a437c9344f6eb91603e,rnrtg@ovuis.com,dfiqkrephx,Recruiter,Ahaan,Advik,2022-02-17
67565a437c9344f6eb91603f,ihiai@etvwr.com,jpijrndlgd,Recruiter,Aayansh,Aarush,2024-07-04
67565a437c9344f6eb916040,fjxra@lnkov.com,lasrriytua,Recruiter,Vivaan,Aayansh,2023-02-01
67565a437c9344f6eb916041,xmsne@bopwk.com,iubboimcoy,Applicant,Shaurya,Ahaan,2023-11-23
67565a437c9344f6eb916042,ghplv@fsvsk.com,szspcwkjqo,Applicant,Aditya,Aayush,2022-11-17
67565a437c9344f6eb916043,dxkzt@rdmwu.com,nclhbtffmf,Applicant,Ahaan,Dhruv,2023-07-21
67565a437c9344f6eb916044,crket@yrsng.com,hxwlapuodt,Applicant,Ahaan,Aayansh,2022-11-02
67565a437c9344f6eb916045,rmglp@fjxnp.com,kmrhdyyfch,Recruiter,Ahaan,Ahaan,2023-02-12
67565a437c9344f6eb916046,bjlyv@lgyhj.com,hmhegcxctw,Recruiter,Aayansh,Ahaan,2022-07-19
67565a437c9344f6eb916047,gluft@qktzf.com,ozimailxrf,Recruiter,Aarush,Ahaan,2024-04-29
67565a437c9344f6eb916048,uruef@hybdl.com,hatcgqmbgl,Applicant,Ronak,Ram,2024-07-05
67565a437c9344f6eb916049,piasp@ocugm.com,vcduztisoz,Applicant,Aarav,Aarush,2022-02-18
67565a437c9344f6eb91604a,tpaoy@tympx.com,scmsxvatnv,Recruiter,Aarush,Aayansh,2024-07-01
67565a437c9344f6eb91604b,lnufa@vzzkt.com,pbuzxjfyzc,Applicant,Aayush,Aayansh,2022-02-05
67565a437c9344f6eb91604c,dhelm@rvsvx.com,euwfaehmgu,Applicant,Aayansh,Advik,2024-07-27
67565a437c9344f6eb91604d,eanhk@xomzf.com,gdidjqihlg,Recruiter,Aarav,Aarav,2022-09-27
67565a437c9344f6eb91604e,nwbfi@kbxfh.com,thwwdfdlon,Applicant,Ahaan,Aarav,2022-02-02
67565a437c9344f6eb91604f,kcbqx@divbf.com,bqwhjswyzi,Recruiter,Anirudh,Advik,2022-09-29
67565a437c9344f6eb916050,ewpvb@eavap.com,hqcjaulzyb,Applicant,Anay,Arnav,2022-07-22
67565a437c9344f6eb916051,vpdzb@bwfur.com,ztufndsqlx,Recruiter,Aayush,Aayush,2023-06-28
67565a437c9344f6eb916052,gtbfo@oesdf.com,fknhebewib,Recruiter,Ahaan,Krishna,2022-07-06
67565a437c9344f6eb916053,lnvje@vtnsq.com,iebyesvqdt,Applicant,Aayansh,Aarush,2023-06-06
67565a437c9344f6eb916054,dznhc@nwyen.com,ebymludykj,Recruiter,Vihaan,Ahaan,2022-08-19
67565a437c9344f6eb916055,gbtea@orqsz.com,ijfjadkcvy,Applicant,Shaurya,Aayush,2022-11-24
67565a437c9344f6eb916056,ruule@eiurj.com,yafqqdlbji,Applicant,Ahaan,Aarav,2024-08-19
67565a437c9344f6eb916057,crkqt@mffue.com,tdkwydcdzy,Recruiter,Aayush,Aarush,2023-10-13
67565a437c9344f6eb916058,orehd@sxrqa.com,vbhtmqmjqr,Applicant,Aayush,Aarav,2024-03-06
67565a437c9344f6eb916059,uhqqs@tvyiv.com,prndbtqwto,Recruiter,Advik,Krishna,2022-09-11
67565a437c9344f6eb91605a,tqgta@gjkim.com,klpmamurbo,Recruiter,Aryan,Ronak,2024-03-16
67565a437c9344f6eb91605b,btmhw@vfjpb.com,dzgxwlpfus,Applicant,Aayush,Kabir,2022-11-27
67565a437c9344f6eb91605c,ysfgl@siyij.com,pwtuoothxt,Recruiter,Advik,Shyam,2023-12-05
67565a437c9344f6eb91605d,ctpal@lqcfu.com,styussntfh,Recruiter,Aarav,Krishna,2022-03-30
67565a437c9344f6eb91605e,ysfww@sjtma.com,sdjfskbsfe,Recruiter,Advik,Aayush,2023-07-23
67565a437c9344f6eb91605f,uniop@exnmf.com,aafmbpvhil,Recruiter,Ahaan,Ahaan,2022-12-28
67565a437c9344f6eb916060,rlvyz@hsxpw.com,nmwcmxfqzs,Recruiter,Aayansh,Advik,2022-05-04
67565a437c9344f6eb916061,ijnev@yjwgy.com,zqrfcfyhsn,Recruiter,Ayaan,Aarush,2022-12-15
67565a437c9344f6eb916062,pkuwx@lklng.com,ebshhjyeft,Recruiter,Kabir,Ahaan,2022-01-04
67565a437c9344f6eb916063,bdonp@yfdyc.com,kwwawqadct,Recruiter,Sai,Aarush,2023-07-09
67565a437c9344f6eb916064,xziyo@kqqfu.com,hvmnubobka,Recruiter,Advik,Advait,2023-10-20
67565a437c9344f6eb916065,mtter@wophm.com,esmthszvcg,Applicant,Ahaan,Anirudh,2023-12-31
67565a437c9344f6eb916066,eazdk@bwqzh.com,rsgllwejlq,Applicant,Shaurya,Aarav,2023-02-17
67565a437c9344f6eb916067,cuxis@esume.com,kfyyvgviui,Recruiter,Advik,Advik,2022-10-31
67565a437c9344f6eb916068,nmdes@yvuxi.com,nvmnasvmxu,Applicant,Ahaan,Aarav,2022-10-12
67565a437c9344f6eb916069,aoqlw@vpmsa.com,roncxoytyd,Applicant,Ahaan,Aarav,2023-10-13
67565a437c9344f6eb91606a,vubob@lonus.com,ssixzifvdg,Applicant,Arjun,Advik,2022-02-06
67565a437c9344f6eb91606b,twjxs@oihty.com,ppxchsqoxo,Recruiter,Advik,Aayansh,2023-12-19
67565a437c9344f6eb91606c,cagkf@ckwwv.com,pobctiuqcc,Recruiter,Ahaan,Shyam,2022-07-27
67565a437c9344f6eb91606d,aznad@acjrs.com,wcdlrakjfy,Recruiter,Ayaan,Aayush,2022-12-17
67565a437c9344f6eb91606e,yzooy@yeoht.com,fqrvaqewkk,Applicant,Aarush,Aarav,2023-09-25
67565a437c9344f6eb91606f,yqngf@bzvul.com,yiqvvhokzo,Applicant,Aayush,Aayush,2023-11-03
67565a437c9344f6eb916070,htsgc@emkdr.com,xtlfekxhnt,Applicant,Arjun,Aayush,2023-09-22
67565a437c9344f6eb916071,snjqd@bqbgr.com,rblvclaxyd,Applicant,Ishaan,Ritvik,2022-12-18
67565a437c9344f6eb916072,anbhr@ddtks.com,wodvaxrbdw,Applicant,Aayush,Aayansh,2022-09-06
67565a437c9344f6eb916073,mfxlk@zqosu.com,uddmisgqol,Recruiter,Aayansh,Rudra,2023-05-18
67565a437c9344f6eb916074,abkki@godyi.com,jpcdhbexxg,Applicant,Aarav,Aarush,2024-09-16
67565a437c9344f6eb916075,dbmqx@wflqj.com,zzyrnvodxv,Recruiter,Aayush,Aarav,2022-02-13
67565a437c9344f6eb916076,sjjqn@sbcto.com,opwygspahg,Applicant,Aarav,Ahaan,2024-01-04
67565a437c9344f6eb916077,klshg@ppuef.com,dwlpkjvwvf,Recruiter,Arjun,Aarush,2024-01-23
67565a437c9344f6eb916078,jlure@skoku.com,iyapnusxgo,Applicant,Vivaan,Aarush,2024-02-16
67565a437c9344f6eb916079,pmsab@pxdyz.com,gnedevthzj,Recruiter,Ahaan,Aarush,2022-11-15
67565a437c9344f6eb91607a,jdztg@kfwbl.com,hhqtmgiets,Recruiter,Sai,Arjun,2023-08-12
